Artist Reputation,Height,Width,Weight,Price Of Sculpture,Base Shipping Price,Area,Combined_Price,Duration,International,Express Shipment,Installation Included,Fragile,Material,Transport,Month,Year,Week,Customer Information,Customer Location,Cost
0.75,38.0,15.0,706.0,4.89,24.11,570.0,29.0,0,No,Yes,Yes,No,Wood,Roadways,11,2016,3,Wealthy,PA,6.8401293299736885
0.41,3.0,2.0,39.0,6.26,17.88,6.0,24.14,1,Yes,Yes,No,No,Stone,Airways,5,2016,6,Wealthy,IN,5.6612576422412
0.94,17.0,6.0,217.0,4.98,24.17,102.0,29.150000000000002,2,Yes,No,Yes,No,Aluminium,Waterways,4,2016,4,Working Class,SD,6.604878347147814
0.92,16.0,7.0,3068.0,5.8,16.02,112.0,21.82,-1,No,Yes,Yes,No,Marble,Roadways,8,2019,5,Working Class,CA,6.628834712198929
0.48,15.0,8.0,202.0,3.11,20.16,120.0,23.27,2,No,No,Yes,No,Wood,Waterways,4,2016,0,Working Class,MO,5.490877991384453
0.69,10.0,4.0,35.0,6.64,14.01,40.0,20.65,3,No,Yes,Yes,No,Wood,Roadways,7,2019,4,Wealthy,UT,5.919350739132674
0.27,9.0,4.0,188.0,6.64,16.81,36.0,23.45,4,No,No,No,Yes,Clay,Roadways,11,2018,0,Working Class,TN,5.167183098523235
0.67,20.0,6.0,230.0,5.89,12.79,120.0,18.68,-2,Yes,No,Yes,No,Wood,Waterways,3,2015,6,Working Class,MD,5.649291089367011
0.46,19.0,7.0,8167.0,17.76,91.02,133.0,108.78,-1,Yes,No,No,No,Brass,Roadways,2,2016,0,Wealthy,LA,6.93056318980812
0.31,5.0,5.0,29.0,4.11,16.01,25.0,20.12,-3,Yes,Yes,Yes,No,Wood,Airways,9,2015,1,Working Class,AK,4.958850650946495
0.15,7.0,4.0,1233.0,6.89,23.86,28.0,30.75,3,No,No,Yes,No,Marble,Waterways,1,2019,5,Working Class,CO,5.494582919054
0.18,11.0,7.0,1393.0,6.69,17.55,77.0,24.240000000000002,0,Yes,Yes,Yes,No,Bronze,Airways,2,2016,6,Wealthy,CA,5.506631503616245
0.42,15.0,9.598290598290598,97197.0,35.81,76.37,143.97435897435898,112.18,-1,Yes,Yes,Yes,No,Marble,Airways,7,2018,4,Wealthy,LA,7.427251206795628
0.27,28.0,13.0,2223.0,6.03,18.1,364.0,24.130000000000003,3,No,Yes,No,No,Marble,Roadways,9,2018,1,Wealthy,AP,5.5874733522558175
0.0,18.0,9.0,7562.0,5.79,96.22,162.0,102.01,0,No,No,No,No,Bronze,Waterways,9,2018,4,Working Class,NJ,5.930785236296131
0.75,14.0,7.0,136.0,4.16,23.98,98.0,28.14,1,Yes,No,Yes,No,Wood,Airways,7,2015,1,Working Class,AL,6.216765768975991
0.18,30.0,7.0,9646.0,18.0,77.29,210.0,95.29,-1,No,Yes,No,No,Bronze,Airways,4,2017,2,Wealthy,IL,6.257092710028347
0.46406779661016956,9.0,4.0,4222.0,20.26,13.0,36.0,33.260000000000005,-4,No,No,No,No,Marble,Roadways,1,2017,1,Working Class,CO,5.771285347757787
0.06,19.0,15.0,571.0,6.37,13.1,285.0,19.47,-2,Yes,Yes,No,No,Wood,Airways,8,2015,0,Working Class,AZ,4.7825629495452935
0.68,13.0,8.0,2915.0,9.0,19.37,104.0,28.37,2,No,No,Yes,No,Bronze,Roadways,6,2019,0,Working Class,LA,6.869949564246238
0.69,26.0,12.0,640.0,4.52,14.24,312.0,18.759999999999998,4,No,No,Yes,No,Wood,Roadways,11,2015,3,Working Class,KY,6.003837683171123
0.84,34.0,8.0,309.0,5.23,11.18,272.0,16.41,3,Yes,No,Yes,No,Wood,Roadways,6,2017,1,Working Class,NC,6.565983022033464
0.62,20.620967741935484,9.598290598290598,4618.0,6.2,17.45,197.92604080507306,23.65,2,No,No,Yes,Yes,Clay,Roadways,4,2019,3,Wealthy,AA,6.537691097924388
0.64,16.0,8.0,182.0,4.14,11.47,128.0,15.61,4,No,No,Yes,No,Wood,Roadways,7,2016,5,Working Class,ME,5.519017936211107
0.41,39.0,10.0,26410.0,17.2,77.14,390.0,94.34,-3,No,No,No,No,Brass,Roadways,10,2018,1,Working Class,ND,6.69977123942575
0.38,12.0,6.0,1921.0,4.54,24.3,72.0,28.84,2,No,No,Yes,No,Brass,Roadways,10,2017,1,Working Class,IA,5.618986822951485
0.59,30.0,6.0,12404.0,30.38,27.58,180.0,57.959999999999994,0,No,No,No,No,Brass,Roadways,5,2018,1,Working Class,PA,6.425225524370994
0.47,5.0,9.598290598290598,45.0,4.41,19.45,47.99145299145299,23.86,4,Yes,Yes,No,Yes,Clay,Airways,7,2017,0,Wealthy,MD,5.501951847474021
0.06,10.0,9.598290598290598,9102.0,9.89,96.42,95.98290598290598,106.31,-3,No,Yes,Yes,No,Marble,Roadways,3,2017,6,Working Class,KS,6.095734468283779
0.57,32.0,15.0,8542.0,28.16,88.68,480.0,116.84,0,Yes,No,No,Yes,Clay,Waterways,12,2015,2,Wealthy,AE,7.381296393940858
0.6,13.0,7.0,91.0,6.67,19.7,91.0,26.369999999999997,-3,No,Yes,No,No,Wood,Airways,8,2015,2,Working Class,HI,5.631426812464061
0.5,8.0,4.0,515.0,5.66,19.8,32.0,25.46,0,No,No,No,No,Bronze,Roadways,12,2015,5,Working Class,AP,5.404207741805469
0.93,27.0,11.0,474.0,3.53,17.83,297.0,21.36,1,Yes,No,Yes,No,Wood,Waterways,9,2015,0,Working Class,MA,6.6857610669244485
0.59,16.0,8.0,4679.0,10.08,19.77,128.0,29.85,1,Yes,No,No,No,Marble,Airways,8,2018,2,Working Class,MS,5.945184978753801
0.63,8.0,4.0,5228.0,8.7,68.79,32.0,77.49000000000001,-1,No,No,No,No,Marble,Roadways,3,2016,1,Wealthy,MT,6.814037830108231
0.46406779661016956,5.0,3.0,17.0,4.02,11.33,15.0,15.35,1,Yes,No,No,No,Wood,Waterways,7,2017,0,Working Class,NC,4.652816839455444
0.38,7.0,4.0,170.0,5.26,11.27,28.0,16.53,-2,No,No,No,No,Brass,Waterways,6,2016,1,Working Class,MO,4.991724269204496
0.56,3.0,2.0,16.0,6.04,23.14,6.0,29.18,4,No,Yes,Yes,Yes,Clay,Roadways,10,2017,5,Wealthy,NH,5.641552398120067
0.05,26.0,10.0,12838.0,37.52,86.35,260.0,123.87,-1,Yes,No,Yes,No,Bronze,Waterways,9,2016,2,Wealthy,AL,6.233056868490652
0.02,3.0,2.0,18.0,4.52,21.71,6.0,26.23,-2,Yes,Yes,No,No,Brass,Airways,8,2018,4,Working Class,LA,5.129543622299351
0.16,6.0,4.0,2118.0,6.79,11.49,24.0,18.28,0,Yes,No,No,No,Marble,Waterways,9,2015,3,Working Class,FL,5.232551425772417
0.42,32.0,8.0,13314.0,34.48,31.64,256.0,66.12,3,No,Yes,No,No,Brass,Airways,8,2016,1,Wealthy,MT,6.530819316987946
0.19,9.0,5.0,1172.0,5.07,13.57,45.0,18.64,-3,Yes,Yes,Yes,No,Brass,Airways,7,2018,4,Wealthy,AE,5.318806032975353
0.46406779661016956,20.620967741935484,15.0,1859.0,6.59,18.44,309.31451612903226,25.03,4,Yes,Yes,Yes,No,Aluminium,Airways,7,2016,2,Wealthy,WY,5.887658378382393
0.83,14.0,7.0,1154.0,5.5,12.45,98.0,17.95,0,Yes,Yes,No,Yes,Clay,Airways,7,2019,6,Wealthy,CT,6.299610792692117
0.3,35.0,10.0,4175.0,17.67,13.81,350.0,31.480000000000004,4,No,Yes,Yes,Yes,Clay,Airways,8,2018,1,Working Class,AA,6.034452194907419
0.02,28.0,14.0,1164.0,5.88,10.23,392.0,16.11,-4,No,Yes,No,No,Aluminium,Roadways,8,2017,3,Wealthy,MI,4.685735833827659
0.46406779661016956,15.0,7.0,390.0,4.79,20.53,105.0,25.32,-2,No,Yes,No,No,Aluminium,Roadways,12,2016,3,Working Class,RI,5.863290208384473
0.38,44.0,11.0,645.0,4.82,10.86,484.0,15.68,-4,No,No,No,No,Wood,Waterways,2,2019,3,Working Class,AP,4.890875305555651
0.86,28.0,8.0,538.0,3.51,20.81,224.0,24.32,3,No,Yes,No,No,Aluminium,Airways,8,2019,3,Working Class,NJ,6.605879619117374
0.47,19.0,8.0,269.0,4.95,24.8,152.0,29.75,-4,No,No,No,No,Wood,Waterways,12,2016,5,Working Class,ID,5.442807245032984
0.39,4.0,3.0,46.0,4.0,12.62,12.0,16.619999999999997,0,No,No,No,Yes,Marble,Roadways,3,2018,1,Working Class,RI,4.883937641050299
0.08,14.0,6.0,10270.0,28.17,96.74,84.0,124.91,0,No,Yes,No,No,Marble,Airways,12,2017,4,Wealthy,AP,6.293178954222219
0.32,7.0,5.0,30.0,3.91,20.69,35.0,24.6,-2,No,No,No,No,Wood,Waterways,1,2016,0,Wealthy,ME,5.062911438661627
0.46406779661016956,7.0,4.0,5065.0,20.5,28.59,28.0,49.09,-1,No,Yes,Yes,No,Stone,Airways,4,2017,4,Working Class,AZ,6.0416822632686
0.14,24.0,9.0,714.0,4.32,16.04,216.0,20.36,-2,Yes,Yes,Yes,No,Aluminium,Airways,2,2019,3,Working Class,CT,5.12764766249453
0.37,27.0,12.0,3623.0,10.51,10.68,324.0,21.189999999999998,-4,No,No,Yes,Yes,Clay,Roadways,10,2015,6,Working Class,MN,5.39576163120889
0.46406779661016956,24.0,9.0,318.0,4.42,12.01,216.0,16.43,2,No,No,No,No,Wood,Waterways,9,2018,6,Working Class,AK,4.6198617347310815
0.46406779661016956,21.0,14.0,3814.0,6.71,14.9,294.0,21.61,-2,No,No,Yes,Yes,Clay,Waterways,7,2018,1,Working Class,MN,4.994641404341906
0.57,13.0,8.0,33792.0,41.64,67.7,104.0,109.34,-3,No,No,No,No,Marble,Roadways,12,2017,0,Working Class,PA,6.769664938701392
0.39,24.0,8.0,2151.0,8.13,19.71,192.0,27.840000000000003,-4,No,Yes,Yes,Yes,Clay,Airways,3,2019,5,Wealthy,AR,5.995979340075115
0.05,13.0,7.0,107.0,3.58,24.2,91.0,27.78,-2,No,No,No,No,Wood,Waterways,9,2017,0,Working Class,AL,4.839530592507466
0.82,19.0,16.0,3726.0,13.59,15.07,304.0,28.66,0,Yes,No,No,Yes,Clay,Waterways,11,2016,4,Working Class,PA,6.148275969731844
0.75,26.0,10.0,3733.0,16.48,21.18,260.0,37.66,3,No,No,No,Yes,Clay,Roadways,11,2017,3,Working Class,OK,6.347161512982026
0.61,27.0,15.0,2038.0,6.86,15.04,405.0,21.9,2,No,No,Yes,No,Aluminium,Roadways,1,2018,3,Working Class,GA,6.0982540412895
0.32,12.0,7.0,342.0,3.97,12.14,84.0,16.11,1,No,No,Yes,No,Aluminium,Airways,9,2016,2,Working Class,WV,5.066700518029204
0.96,14.0,6.0,993.0,10.89,23.44,84.0,34.33,0,Yes,Yes,Yes,No,Bronze,Airways,5,2019,0,Working Class,NY,6.587191823960344
0.4,17.0,6.0,132.0,6.39,12.63,102.0,19.02,0,No,No,No,No,Aluminium,Waterways,9,2018,3,Working Class,MS,5.115115422326775
0.77,23.0,8.0,9369.0,37.66,33.25,184.0,70.91,-1,No,Yes,No,No,Brass,Roadways,12,2018,3,Wealthy,IL,6.969978622162269
0.84,4.0,3.0,10.0,4.66,15.71,12.0,20.37,0,No,No,Yes,No,Wood,Roadways,4,2016,5,Working Class,NH,5.323448907185641
0.09,40.0,12.0,2806.0,5.61,21.92,480.0,27.53,2,Yes,No,No,No,Aluminium,Waterways,3,2015,0,Working Class,NM,5.105763639187833
0.33,27.0,6.0,3937.0,5.7,21.17,162.0,26.87,3,No,Yes,No,No,Bronze,Roadways,6,2019,2,Wealthy,AE,5.718112638964356
0.83,17.0,9.0,411.0,4.48,16.05,153.0,20.53,1,No,No,Yes,No,Aluminium,Roadways,3,2017,1,Working Class,SD,6.09805181000363
0.56,5.0,9.598290598290598,3184.0,4.35,24.09,47.99145299145299,28.439999999999998,-3,No,Yes,No,No,Stone,Roadways,2,2015,3,Wealthy,NY,5.814339465220845
0.34,29.0,18.0,3955.0,19.03,13.0,522.0,32.03,1,No,No,Yes,No,Aluminium,Roadways,2,2018,6,Working Class,DE,5.529508449441547
0.47,11.0,6.0,22371.0,11.83,67.02,66.0,78.85,4,No,Yes,Yes,No,Stone,Roadways,11,2017,4,Working Class,AL,6.6925798973171045
0.46406779661016956,7.0,4.0,102.0,5.74,12.53,28.0,18.27,-3,No,No,Yes,No,Aluminium,Airways,1,2018,0,Working Class,CT,4.862367277427153
0.16,20.0,9.0,6621.0,5.67,30.27,180.0,35.94,-3,No,No,No,No,Brass,Roadways,3,2015,4,Working Class,MS,5.407933812871359
0.27,37.0,16.0,7365.0,28.53,29.16,592.0,57.69,-4,Yes,No,Yes,Yes,Clay,Waterways,1,2015,2,Working Class,MA,5.82165439525109
0.73,7.0,4.0,67.0,3.75,10.27,28.0,14.02,0,No,Yes,Yes,No,Aluminium,Airways,6,2016,3,Wealthy,MO,5.279389356662517
0.41,3.0,2.0,144.0,4.84,14.67,6.0,19.509999999999998,-2,No,No,No,No,Stone,Airways,6,2017,3,Working Class,DE,5.242487481587366
0.8,4.0,9.598290598290598,93.0,6.33,10.67,38.39316239316239,17.0,-3,Yes,No,No,No,Marble,Waterways,8,2015,4,Working Class,CA,5.635824781472974
0.65,10.0,4.0,1000.0,8.02,12.69,40.0,20.71,1,No,No,No,No,Brass,Airways,5,2018,3,Working Class,CT,6.111289940176331
0.48,5.0,3.0,61.0,6.17,18.72,15.0,24.89,0,No,No,No,No,Bronze,Roadways,9,2016,5,Working Class,ND,5.3423820977101375
0.46406779661016956,28.0,9.0,1850.0,10.33,19.85,252.0,30.18,-4,Yes,No,No,No,Aluminium,Waterways,11,2018,0,Working Class,NJ,5.437252880568814
